Date,BTC,XRP,LTC,ETH,ADA
2017-12-30,12531.52,1.86,212.07,692.99,0.59
2017-12-31,13850.4,1.98,226.52,741.13,0.71
2018-01-01,13444.88,2.05,224.34,756.2,0.7022
2018-01-02,14754.13,2.19,251.81,861.97,0.762
2018-01-03,15156.62,2.73,244.63,941.1,1.1
2018-01-04,15180.08,2.73,238.3,944.83,1.13
2018-01-05,16954.78,2.51,244.51,967.13,1.01
2018-01-06,17172.3,2.65,278.92,1006.41,1.04
2018-01-07,16228.16,2.78,271.57,1117.75,1.01
2018-01-08,14976.17,2.41,254.25,1136.11,0.9
2018-01-09,14468.5,2.06,246.04,1289.24,0.81
2018-01-10,14919.49,1.95,249.1,1248.99,0.7765
2018-01-11,13308.06,1.93,226.53,1139.32,0.68
2018-01-12,13841.19,2.02,235.35,1261.03,0.895
2018-01-13,14243.12,2.0,257.94,1385.02,0.879
2018-01-14,13638.63,1.83,236.86,1359.48,0.8
2018-01-15,13631.98,1.66,231.89,1278.69,0.77
2018-01-16,11282.49,1.15,183.86,1050.26,0.61
2018-01-17,11162.7,1.31,188.21,1024.69,0.6242
2018-01-18,11175.52,1.57,191.03,1012.97,0.65
2018-01-19,11521.76,1.54,192.27,1037.36,0.6441
2018-01-20,12783.94,1.57,210.68,1150.5,0.7048
2018-01-21,11549.93,1.37,190.73,1049.09,0.61
2018-01-22,10814.52,1.34,179.42,999.64,0.5675
2018-01-23,10858.23,1.34,177.92,984.47,0.5601
2018-01-24,11429.02,1.36,180.59,1061.78,0.628
2018-01-25,11202.69,1.3,178.97,1057.15,0.635
2018-01-26,10814.57,1.19,172.94,1028.92,0.611
2018-01-27,11504.84,1.22,181.14,1116.45,0.6256
2018-01-28,11800.88,1.37,193.13,1231.86,0.6456
2018-01-29,11130.21,1.26,179.07,1154.15,0.5904
2018-01-30,10242.7,1.14,168.01,1082.71,0.525
2018-01-31,10141.6,1.11,161.46,1100.96,0.503
2018-02-01,9052.98,0.9415,139.93,1006.19,0.4119
2018-02-02,8801.43,0.9008,131.0,909.68,0.3896
2018-02-03,9133.51,0.9424,155.96,960.19,0.457
2018-02-04,8433.93,0.8457,152.71,849.03,0.4
2018-02-05,6842.69,0.672,123.55,688.34,0.312
2018-02-06,7644.83,0.7496,141.89,772.53,0.34
2018-02-07,7863.87,0.7375,142.49,792.31,0.345
2018-02-08,8253.94,0.764,148.75,811.14,0.344
2018-02-09,8593.7,0.894,158.61,863.68,0.375
2018-02-10,8580.38,1.05,156.34,854.54,0.3865
2018-02-11,8315.35,0.9958,153.68,832.47,0.36200000000000004
2018-02-12,8900.54,1.04,161.62,867.42,0.37
2018-02-13,8578.59,0.9892,158.89,839.47,0.355
2018-02-14,9455.85,1.14,213.99,921.04,0.387
2018-02-15,10088.36,1.12,216.41,930.25,0.39299999999999996
2018-02-16,10221.44,1.12,230.72,942.28,0.3921
2018-02-17,10950.28,1.18,230.2,971.9,0.41
2018-02-18,10603.75,1.09,215.89,918.13,0.3686
2018-02-19,11096.37,1.11,221.72,935.79,0.374
2018-02-20,11443.76,1.03,234.13,894.2,0.35
2018-02-21,10487.78,0.955,211.24,841.01,0.33299999999999996
2018-02-22,9971.59,0.8996,194.42,807.69,0.3127
2018-02-23,10169.53,0.9456,208.79,853.89,0.32
2018-02-24,9631.16,0.8944,202.27,829.14,0.2995
2018-02-25,9692.76,0.9114,219.71,847.18,0.327
2018-02-26,10370.51,0.9309,220.85,868.85,0.33
2018-02-27,10756.24,0.9393,217.39,877.72,0.3306
2018-02-28,10435.13,0.8959,205.23,858.47,0.3083
2018-03-01,10981.25,0.9186,211.41,871.33,0.304
2018-03-02,11127.48,0.9046,207.8,859.22,0.2928
2018-03-03,11409.44,0.8962,210.31,856.77,0.2912
2018-03-04,11419.18,1.01,211.61,861.49,0.303
2018-03-05,11582.28,0.9497,211.35,854.35,0.2977
2018-03-06,10783.31,0.9133,198.67,818.41,0.278
2018-03-07,9955.82,0.8532,185.47,754.94,0.2465
2018-03-08,9295.35,0.8061,174.93,692.07,0.2131
2018-03-09,9245.25,0.8272,188.53,711.5,0.21
2018-03-10,8857.16,0.7818,178.96,689.31,0.2028
2018-03-11,9528.61,0.818,188.41,721.3,0.2205
2018-03-12,9069.6,0.7821,177.4,690.96,0.2198
2018-03-13,9172.47,0.7769,175.7,689.32,0.2147
2018-03-14,8195.38,0.6786,160.94,601.69,0.192
2018-03-15,8338.49,0.69,166.27,613.39,0.1822
2018-03-16,8503.46,0.6903,168.3,611.11,0.1805
2018-03-17,8028.06,0.6418,156.03,562.96,0.154
2018-03-18,8165.37,0.6462,153.24,530.83,0.153
2018-03-19,8522.47,0.6857,159.08,539.95,0.18899999999999997
2018-03-20,8965.18,0.7044,169.28,561.1,0.2021
2018-03-21,8850.45,0.6708,167.0,556.26,0.2075
2018-03-22,8707.28,0.6488,163.13,537.58,0.1965
2018-03-23,8673.0,0.6272,164.17,531.23,0.1807
2018-03-24,8652.18,0.6367,160.74,527.45,0.1882
2018-03-25,8640.39,0.6459999999999999,162.39,532.11,0.1874
2018-03-26,7895.7,0.5761,143.67,473.9,0.1578
2018-03-27,8015.04,0.5868,139.91,460.28,0.1569
2018-03-28,7896.79,0.5698,130.79,443.13,0.1573
2018-03-29,7093.38,0.5097,115.62,386.56,0.1441
2018-03-30,6929.03,0.5013,119.71,395.45,0.1438
2018-03-31,6942.14,0.5018,117.11,393.95,0.1519
2018-04-01,6845.22,0.4862,115.94,378.7,0.1484
2018-04-02,7002.86,0.4869,117.6,382.18,0.15
2018-04-03,7455.61,0.5378,133.34,415.65,0.1663
2018-04-04,6845.66,0.496,118.77,378.73,0.1521
2018-04-05,6744.7,0.4848,118.13,376.45,0.1464
2018-04-06,6626.76,0.4684,113.77,370.53,0.1437
2018-04-07,6994.11,0.4888,117.24,391.06,0.1488
2018-04-08,7027.22,0.4938,117.43,398.23,0.1545
2018-04-09,6734.99,0.48200000000000004,114.38,395.88,0.1491
2018-04-10,6891.62,0.4915,114.35,413.62,0.1565
2018-04-11,6938.74,0.5003,114.95,421.81,0.1642
2018-04-12,7842.48,0.6614,126.22,485.88,0.2108
2018-04-13,7889.47,0.6398,126.14,490.22,0.2012
2018-04-14,8060.12,0.6487,127.62,506.64,0.2082
2018-04-15,8326.13,0.6815,131.04,524.22,0.2241
2018-04-16,8036.15,0.6576,128.0,505.83,0.2426
2018-04-17,7943.6,0.6621,134.43,506.05,0.2518
2018-04-18,8216.79,0.7275,141.33,524.92,0.2625
2018-04-19,8299.41,0.764,146.61,561.59,0.2699
2018-04-20,8533.44,0.9292,152.34,598.45,0.2975
2018-04-21,8803.79,0.8463,146.91,603.12,0.2839
2018-04-22,8941.44,0.8925,149.85,637.3,0.2902
2018-04-23,8963.12,0.8718,151.76,640.62,0.2858
2018-04-24,9478.46,0.9548,164.25,704.01,0.317
2018-04-25,9171.17,0.8396,150.57,647.03,0.2852
2018-04-26,9103.79,0.8283,150.99,647.46,0.2853
2018-04-27,8997.18,0.8166,146.84,647.73,0.2897
2018-04-28,9295.09,0.8615,151.2,677.98,0.3458
2018-04-29,9330.88,0.8594,151.89,680.79,0.3634
2018-04-30,9234.24,0.8290000000000001,149.04,670.02,0.3362
2018-05-01,9085.66,0.8345,148.07,670.1,0.3593
2018-05-02,9237.04,0.8599,152.12,684.89,0.3685
2018-05-03,9666.23,0.8815,161.46,764.71,0.3712
2018-05-04,9727.04,0.9003,168.15,788.51,0.36200000000000004
2018-05-05,9789.07,0.8991,177.19,805.23,0.363
2018-05-06,9551.57,0.8515,168.68,783.56,0.3421
2018-05-07,9404.64,0.8339,166.2,749.66,0.3345
2018-05-08,9199.07,0.8057,157.95,746.82,0.3257
2018-05-09,9259.53,0.7946,156.5,746.66,0.3165
2018-05-10,9114.8,0.773,151.94,736.41,0.3046
2018-05-11,8402.96,0.6684,134.42,669.19,0.2526
2018-05-12,8422.85,0.6793,140.67,674.37,0.2618
2018-05-13,8672.16,0.7292,144.81,727.23,0.278
2018-05-14,8738.22,0.7293,148.34,728.9,0.2696
2018-05-15,8500.8,0.6964,140.18,708.73,0.2589
2018-05-16,8282.23,0.6862,137.75,694.24,0.2439
2018-05-17,8164.51,0.6635,133.92,678.67,0.243
2018-05-18,8237.36,0.6801,136.02,688.13,0.2434
2018-05-19,8216.41,0.6684,133.55,689.98,0.2393
2018-05-20,8538.82,0.7001,139.62,718.93,0.2557
2018-05-21,8406.91,0.6746,134.83,694.68,0.2457
2018-05-22,8075.99,0.6519,129.03,648.76,0.22399999999999998
2018-05-23,7639.62,0.6141,121.81,595.89,0.2059
2018-05-24,7532.39,0.613,122.17,588.39,0.2018
2018-05-25,7451.87,0.6023,118.61,581.27,0.1977
2018-05-26,7482.05,0.6149,120.8,596.11,0.1992
2018-05-27,7344.5,0.6059,117.31,564.96,0.1906
2018-05-28,7171.62,0.5615,112.56,516.06,0.1759
2018-05-29,7505.89,0.6033,120.35,567.95,0.2049
2018-05-30,7352.9,0.5884,116.82,548.32,0.2042
2018-05-31,7558.86,0.6136,119.6,584.11,0.2235
2018-06-01,7454.8,0.6123,118.7,569.9,0.2145
2018-06-02,7638.56,0.6404,123.36,593.6,0.225
2018-06-03,7701.36,0.6631,125.03,618.99,0.2275
2018-06-04,7547.51,0.6692,120.37,597.99,0.2158
2018-06-05,7603.47,0.67,120.51,603.5,0.2175
2018-06-06,7672.19,0.6722,121.39,606.46,0.2144
2018-06-07,7676.57,0.6742,120.45,601.65,0.2086
2018-06-08,7665.59,0.6752,119.82,599.88,0.2061
2018-06-09,7633.74,0.6645,118.87,598.78,0.2022
2018-06-10,6749.77,0.569,104.55,515.32,0.174
2018-06-11,6781.28,0.5815,104.91,518.87,0.171
2018-06-12,6548.4,0.5555,99.72,491.46,0.1615
2018-06-13,6288.15,0.5175,92.12,469.18,0.154
2018-06-14,6657.68,0.564,101.81,517.2,0.1714
2018-06-15,6485.49,0.5378,96.95,494.32,0.1622
2018-06-16,6538.22,0.5366,97.1,500.25,0.1624
2018-06-17,6517.81,0.5295,96.23,499.07,0.1616
2018-06-18,6723.77,0.5405,99.5,517.02,0.1659
2018-06-19,6724.73,0.5443,98.25,534.63,0.1635
2018-06-20,6721.29,0.5381,97.26,533.37,0.1613
2018-06-21,6713.44,0.5323,96.29,524.92,0.158
2018-06-22,6023.75,0.4759,81.98,458.94,0.1362
2018-06-23,6227.6,0.4925,84.31,479.36,0.1389
2018-06-24,6166.82,0.4788,81.17,456.47,0.1325
2018-06-25,6277.78,0.4806,82.02,463.34,0.1357
2018-06-26,6238.15,0.4711,79.19,444.89,0.1315
2018-06-27,6130.8,0.4696,80.04,435.63,0.1262
2018-06-28,5937.94,0.4482,76.51,426.27,0.1209
2018-06-29,5921.19,0.4331,74.46,415.37,0.11900000000000001
2018-06-30,6333.53,0.4593,79.61,445.27,0.1344
2018-07-01,6355.72,0.4609,80.1,451.66,0.1419
2018-07-02,6649.21,0.4953,86.68,481.55,0.159
2018-07-03,6609.39,0.4951,87.32,468.92,0.1545
2018-07-04,6694.0,0.5,87.02,474.11,0.1558
2018-07-05,6499.47,0.4729,82.32,463.49,0.14400000000000002
2018-07-06,6588.47,0.473,82.55,468.67,0.14400000000000002
2018-07-07,6534.6,0.46799999999999997,79.89,464.36,0.1376
2018-07-08,6755.49,0.4847,83.53,488.5,0.1465
2018-07-09,6718.74,0.4775,81.36,476.81,0.1431
2018-07-10,6376.55,0.4483,76.92,440.22,0.1307
2018-07-11,6375.12,0.4474,77.1,439.45,0.13
2018-07-12,6175.94,0.4326,75.76,425.4,0.1246
2018-07-13,6228.84,0.4358,76.6,432.04,0.1402
2018-07-14,6274.93,0.4403,76.58,434.3,0.1384
2018-07-15,6388.05,0.449,79.31,452.61,0.1444
2018-07-16,6679.49,0.4726,82.93,476.01,0.156
2018-07-17,7366.28,0.5151,89.98,503.01,0.1748
2018-07-18,7339.2,0.4847,87.16,475.57,0.1805
2018-07-19,7441.48,0.4783,86.37,467.53,0.1807
2018-07-20,7300.46,0.4341,81.73,442.57,0.1602
2018-07-21,7407.92,0.4559,84.16,465.13,0.166
2018-07-22,7373.14,0.4483,82.25,456.34,0.1684
2018-07-23,7751.1,0.4478,81.82,451.09,0.1677
2018-07-24,8251.04,0.4541,88.47,474.99,0.1727
2018-07-25,8283.21,0.4635,87.42,475.68,0.17300000000000001
2018-07-26,7969.73,0.4503,83.87,465.77,0.1644
2018-07-27,8258.34,0.45899999999999996,84.87,472.94,0.16899999999999998
2018-07-28,8172.06,0.4527,83.75,464.36,0.1621
2018-07-29,8192.23,0.4525,83.53,464.92,0.1625
2018-07-30,8132.75,0.4436,81.73,453.6,0.1525
2018-07-31,7719.07,0.4333,77.51,431.86,0.1418
2018-08-01,7484.43,0.4366,76.13,409.25,0.1361
2018-08-02,7536.51,0.4305,76.05,410.24,0.1311
2018-08-03,7416.71,0.4414,77.37,417.4,0.1307
2018-08-04,6996.6,0.428,73.09,405.46,0.1258
2018-08-05,7061.19,0.435,74.61,412.62,0.1311
2018-08-06,6874.07,0.4156,72.48,401.43,0.1274
2018-08-07,6751.77,0.3793,67.95,377.54,0.1242
2018-08-08,6304.46,0.3304,62.98,358.65,0.1134
2018-08-09,6593.6,0.3479,64.79,370.3,0.1252
2018-08-10,6075.58,0.3132,58.62,326.73,0.1125
2018-08-11,6394.49,0.3067,58.77,324.86,0.1132
2018-08-12,6374.74,0.2981,59.66,320.85,0.1125
2018-08-13,6251.52,0.2782,56.13,287.31,0.1037
2018-08-14,6116.66,0.2644,52.64,263.0,0.09162999999999999
2018-08-15,6413.64,0.2905,56.47,289.47,0.09697
2018-08-16,6287.06,0.2917,55.17,284.55,0.09374
2018-08-17,6524.58,0.35,59.62,307.67,0.1067
2018-08-18,6410.26,0.3273,56.86,295.22,0.1003
2018-08-19,6514.69,0.3432,57.81,300.28,0.1023
2018-08-20,6432.34,0.3369,55.82,282.65,0.09694
2018-08-21,6469.49,0.33299999999999996,56.32,279.13,0.09412999999999999
2018-08-22,6380.15,0.3222,55.01,266.83,0.08983
2018-08-23,6486.26,0.3235,57.07,274.5,0.09222999999999999
2018-08-24,6704.59,0.3278,58.12,282.36,0.09373
2018-08-25,6717.96,0.3267,57.74,277.97,0.09405
2018-08-26,6698.3,0.3227,56.76,272.36,0.09244
2018-08-27,6745.97,0.3288,58.06,276.68,0.09734
2018-08-28,7074.82,0.3513,62.84,294.0,0.1049
2018-08-29,7071.78,0.3475,62.07,291.19,0.1083
2018-08-30,6951.36,0.3336,60.14,283.55,0.1004
2018-08-31,7039.96,0.3346,62.14,282.68,0.1019
2018-09-01,7195.81,0.3464,66.77,297.29,0.1071
2018-09-02,7285.9,0.3415,65.63,293.75,0.106
2018-09-03,7318.93,0.3383,66.15,290.99,0.1047
2018-09-04,7368.93,0.3323,67.99,285.42,0.1061
2018-09-05,6941.77,0.2899,60.06,243.72,0.09300000000000001
2018-09-06,6447.34,0.297,56.11,224.27,0.08574
2018-09-07,6432.4,0.2907,56.29,217.47,0.08336
2018-09-08,6197.73,0.2737,52.66,194.97,0.07766
2018-09-09,6378.31,0.2808,55.89,199.16,0.07841000000000001
2018-09-10,6309.54,0.2658,53.76,195.26,0.07332000000000001
2018-09-11,6313.72,0.265,51.34,186.34,0.06977
2018-09-12,6311.54,0.266,51.25,180.87,0.06444
2018-09-13,6468.04,0.2777,53.47,205.04,0.06922
2018-09-14,6516.89,0.27899999999999997,57.27,214.79,0.06888
2018-09-15,6509.6,0.2802,56.48,220.77,0.06887
2018-09-16,6502.68,0.2809,57.23,219.67,0.06985
2018-09-17,6254.27,0.2685,52.01,196.56,0.06361
2018-09-18,6334.9,0.318,53.76,208.31,0.06835
2018-09-19,6400.98,0.3251,53.99,209.48,0.07152
2018-09-20,6524.53,0.4468,54.83,214.34,0.07737999999999999
2018-09-21,6729.2,0.5465,60.25,244.28,0.0868
2018-09-22,6695.81,0.5606,60.11,239.03,0.08323
2018-09-23,6679.9,0.5633,60.57,241.48,0.0895
2018-09-24,6621.2,0.5191,58.42,233.23,0.0853
2018-09-25,6395.11,0.4795,57.9,217.47,0.07825
2018-09-26,6476.34,0.5128,57.8,215.56,0.07926
2018-09-27,6715.88,0.55,64.36,231.65,0.0874
2018-09-28,6648.31,0.5352,61.75,220.32,0.08425
2018-09-29,6595.8,0.5758,61.37,231.28,0.08491
2018-09-30,6582.18,0.5698,60.4,228.63,0.08484
2018-10-01,6593.12,0.5868,60.2,230.61,0.08617999999999999
2018-10-02,6551.55,0.5455,59.7,226.14,0.0851
2018-10-03,6446.35,0.5222,56.72,217.35,0.08191
2018-10-04,6580.36,0.5284,58.23,221.01,0.08179
2018-10-05,6591.38,0.5157,58.67,223.94,0.08249
2018-10-06,6593.99,0.4837,57.61,224.86,0.08187
2018-10-07,6572.95,0.4742,57.66,223.93,0.08357
2018-10-08,6660.6,0.4925,59.56,230.98,0.08674
2018-10-09,6622.87,0.4774,58.35,227.46,0.08657000000000001
2018-10-10,6567.21,0.4656,57.74,224.9,0.08442000000000001
2018-10-11,6253.63,0.4024,52.05,198.18,0.07393999999999999
2018-10-12,6265.96,0.4272,53.39,196.58,0.07352
2018-10-13,6259.67,0.4174,53.3,198.98,0.07365
2018-10-14,6295.93,0.4197,52.48,197.56,0.07229
2018-10-15,6543.5,0.4464,54.24,206.78,0.07232999999999999
2018-10-16,6576.06,0.4744,53.55,208.78,0.07533
2018-10-17,6567.25,0.4777,53.39,207.42,0.07705
2018-10-18,6462.77,0.4557,51.99,200.92,0.07354
2018-10-19,6466.0,0.4574,53.06,202.8,0.07583
2018-10-20,6434.05,0.4651,53.26,204.84,0.07614
2018-10-21,6534.59,0.4641,53.19,205.38,0.07629
2018-10-22,6483.39,0.4573,52.2,203.9,0.07608999999999999
2018-10-23,6473.4,0.4658,52.63,204.09,0.07593
2018-10-24,6491.72,0.4654,52.32,203.63,0.07438
2018-10-25,6470.53,0.4612,52.14,201.67,0.07347000000000001
2018-10-26,6457.67,0.4625,52.15,203.32,0.07547999999999999
2018-10-27,6478.03,0.4589,51.84,202.7,0.07416
2018-10-28,6460.29,0.4595,51.53,203.29,0.07349
2018-10-29,6311.74,0.4435,49.0,195.98,0.06965
2018-10-30,6309.74,0.4453,49.04,196.13,0.07173
2018-10-31,6350.67,0.4528,49.8,198.02,0.07131
2018-11-01,6379.51,0.4576,50.41,198.49,0.07216
2018-11-02,6392.82,0.4588,51.22,201.2,0.07367
2018-11-03,6374.94,0.4559,50.9,199.47,0.07232000000000001
2018-11-04,6447.79,0.4673,53.99,210.17,0.07712000000000001
2018-11-05,6432.91,0.4912,53.34,209.39,0.07661
2018-11-06,6468.23,0.5453,55.49,218.42,0.08085
2018-11-07,6529.0,0.5377,54.1,218.21,0.07884
2018-11-08,6447.98,0.4931,52.34,212.35,0.07662999999999999
2018-11-09,6377.54,0.4988,51.63,209.14,0.07435
2018-11-10,6410.99,0.5095,52.2,212.87,0.07542
2018-11-11,6366.41,0.5019,50.55,209.82,0.07604
2018-11-12,6373.48,0.5206,50.53,210.3,0.07624
2018-11-13,6356.86,0.5148,49.41,206.93,0.07304
2018-11-14,5643.1,0.4632,42.72,179.71,0.06175
2018-11-15,5561.46,0.4715,43.51,178.15,0.06138
2018-11-16,5510.9,0.4677,42.08,172.74,0.059329999999999994
2018-11-17,5562.52,0.4921,41.74,174.0,0.060270000000000004
2018-11-18,5606.2,0.5095,41.94,175.87,0.0611
2018-11-19,4868.9,0.4784,36.07,149.32,0.055
2018-11-20,4329.8,0.431,32.4,128.67,0.04347
2018-11-21,4525.68,0.4434,33.68,135.24,0.04653
2018-11-22,4469.33,0.4343,33.23,129.9,0.04601
2018-11-23,4380.58,0.4103,32.36,124.18,0.04299
2018-11-24,3798.41,0.3732,28.69,111.61,0.036289999999999996
2018-11-25,4001.87,0.3764,30.55,115.96,0.03704
2018-11-26,3703.05,0.3527,29.04,105.94,0.03441
2018-11-27,3847.37,0.3676,31.26,112.05,0.03663
2018-11-28,4231.59,0.3895,34.28,121.31,0.04119
2018-11-29,4262.34,0.3787,33.49,116.95,0.04119
2018-11-30,3984.71,0.3613,31.6,112.0,0.038439999999999995
2018-12-01,4232.94,0.3753,34.45,119.21,0.041569999999999996
2018-12-02,4165.14,0.3696,33.6,116.48,0.04154
2018-12-03,3881.88,0.3491,30.96,108.29,0.03834
2018-12-04,3942.46,0.3523,30.89,109.74,0.0372
2018-12-05,3752.88,0.3392,29.17,102.8,0.03535
2018-12-06,3628.66,0.3202,27.35,93.72,0.031560000000000005
2018-12-07,3426.29,0.3068,25.12,94.22,0.029769999999999998
2018-12-08,3546.29,0.3087,25.22,93.78,0.030310000000000004
2018-12-09,3589.11,0.3132,25.44,93.81,0.03141
2018-12-10,3478.85,0.3022,24.42,91.01,0.02997
2018-12-11,3414.69,0.3001,23.52,88.54,0.029210000000000003
2018-12-12,3465.88,0.3062,24.33,89.94,0.03025
2018-12-13,3307.65,0.2994,23.12,85.65,0.028919999999999998
2018-12-14,3258.08,0.2919,23.43,84.3,0.02855
2018-12-15,3244.81,0.285,23.85,84.28,0.028480000000000002
2018-12-16,3257.64,0.2888,25.67,85.69,0.028860000000000004
2018-12-17,3526.68,0.3281,28.99,94.85,0.03196
2018-12-18,3607.14,0.341,29.33,96.71,0.03358
2018-12-19,3769.17,0.3624,29.42,101.63,0.03466
2018-12-20,4125.31,0.3785,32.41,115.13,0.03896
2018-12-21,3883.73,0.3621,30.18,109.35,0.04058
2018-12-22,3924.96,0.3611,31.22,114.91,0.04058
2018-12-23,4013.32,0.3748,33.79,132.22,0.04384
2018-12-24,4107.12,0.42,34.69,143.03,0.04623
2018-12-25,3820.89,0.3846,30.83,130.83,0.04116
2018-12-26,3850.77,0.3822,30.59,132.91,0.041760000000000005
2018-12-27,3647.5,0.3444,28.01,116.66,0.03612
2018-12-28,3929.69,0.3784,31.94,136.25,0.041210000000000004
2018-12-29,3958.46,0.3819,32.94,146.45,0.04342
2018-12-30,3885.54,0.3717,31.96,140.34,0.04324
2018-12-31,3743.77,0.3566,30.0,133.5,0.04043
2019-01-01,3781.26,0.365,31.61,141.18,0.0415
2019-01-02,3960.95,0.3833,33.68,158.1,0.04562
2019-01-03,3844.51,0.3624,32.06,151.01,0.04281
2019-01-04,3870.7,0.3622,32.41,156.16,0.0438
2019-01-05,3867.56,0.3596,35.11,157.23,0.04432
2019-01-06,4089.15,0.3704,39.38,157.59,0.04891
2019-01-07,4041.56,0.3656,37.73,151.48,0.04782
2019-01-08,4049.27,0.3681,39.4,151.68,0.04844
2019-01-09,4049.55,0.3734,39.25,151.6,0.052379999999999996
2019-01-10,3666.46,0.3325,33.69,128.6,0.043989999999999994
2019-01-11,3652.69,0.3293,31.67,125.01,0.04347
2019-01-12,3667.87,0.3328,32.14,125.3,0.04358
2019-01-13,3540.66,0.318,30.08,116.49,0.03971
2019-01-14,3700.97,0.3359,32.32,129.6,0.04373
2019-01-15,3613.31,0.3267,30.94,119.79,0.04275
2019-01-16,3618.01,0.3289,31.52,123.12,0.04579
2019-01-17,3672.57,0.3288,31.61,123.19,0.0446
2019-01-18,3648.2,0.3239,31.2,120.36,0.04401
2019-01-19,3735.88,0.335,32.73,125.39,0.04582
2019-01-20,3578.57,0.3213,30.93,118.47,0.043210000000000005
2019-01-21,3568.87,0.3189,30.95,116.56,0.04265
2019-01-22,3605.45,0.3211,31.86,119.18,0.043460000000000006
2019-01-23,3571.16,0.3178,31.92,117.46,0.04274
2019-01-24,3591.9,0.3194,32.9,117.44,0.04313
2019-01-25,3585.46,0.3165,32.88,116.07,0.04335
2019-01-26,3606.2,0.3158,33.19,116.71,0.043039999999999995
2019-01-27,3572.1,0.3095,32.66,113.64,0.041210000000000004
2019-01-28,3453.18,0.2936,30.86,105.89,0.03825
2019-01-29,3419.75,0.2904,30.95,104.97,0.038
2019-01-30,3471.01,0.3206,31.92,109.01,0.04016
2019-01-31,3447.07,0.3159,31.6,107.31,0.038689999999999995
2019-02-01,3467.76,0.3089,33.04,107.68,0.03898
2019-02-02,3468.46,0.3074,33.16,108.02,0.0384
2019-02-03,3436.99,0.3024,33.43,107.27,0.03798
2019-02-04,3432.99,0.299,33.96,106.98,0.03805
2019-02-05,3440.29,0.2993,34.23,106.95,0.03859
2019-02-06,3394.7,0.2895,32.79,105.0,0.03628
2019-02-07,3378.24,0.2919,33.14,104.5,0.03652
2019-02-08,3629.13,0.3097,41.59,118.05,0.040010000000000004
2019-02-09,3647.02,0.312,44.33,119.52,0.04081
2019-02-10,3656.96,0.3069,46.47,122.28,0.04181
2019-02-11,3618.21,0.3031,43.22,121.12,0.041760000000000005
2019-02-12,3610.97,0.3048,43.44,121.95,0.04083
2019-02-13,3601.79,0.3047,41.75,122.03,0.04077
2019-02-14,3590.87,0.3028,41.74,121.58,0.040619999999999996
2019-02-15,3591.89,0.3006,42.43,121.97,0.04025
2019-02-16,3624.21,0.3026,44.06,124.2,0.04162
2019-02-17,3650.95,0.3042,43.77,134.02,0.04125
2019-02-18,3901.61,0.3231,47.46,144.7,0.04487
2019-02-19,3942.03,0.3313,48.02,145.78,0.04687
2019-02-20,3955.94,0.3298,51.16,147.54,0.0466
2019-02-21,3925.91,0.3204,48.49,145.04,0.044430000000000004
2019-02-22,3988.86,0.3262,49.83,149.51,0.0458
2019-02-23,4153.65,0.3367,51.84,159.71,0.048530000000000004
2019-02-24,3798.13,0.3029,44.83,139.37,0.04257
2019-02-25,3848.89,0.3304,45.98,139.66,0.04356
2019-02-26,3819.15,0.3198,45.03,137.1,0.04349
2019-02-27,3804.79,0.3114,44.76,133.2,0.04228
2019-02-28,3827.68,0.3157,46.27,136.3,0.0434
2019-03-01,3836.75,0.3194,48.14,136.69,0.0433
2019-03-02,3842.99,0.3165,48.77,133.36,0.04268
2019-03-03,3809.5,0.3125,48.04,131.82,0.04365
2019-03-04,3722.8,0.304,45.82,126.09,0.04025
2019-03-05,3863.66,0.3161,52.91,136.63,0.0427
2019-03-06,3875.54,0.3184,56.11,138.75,0.04335
2019-03-07,3888.46,0.3155,57.4,138.29,0.04307
2019-03-08,3854.17,0.3085,55.86,133.81,0.04239
2019-03-09,3929.49,0.3147,57.41,137.78,0.04607
2019-03-10,3933.73,0.3151,57.55,137.26,0.04541
2019-03-11,3880.38,0.313,55.51,134.13,0.047510000000000004
2019-03-12,3894.65,0.312,57.19,134.36,0.04705
2019-03-13,3877.17,0.3162,55.74,132.83,0.04649
2019-03-14,3882.53,0.3138,56.21,132.91,0.04786
2019-03-15,3921.25,0.3163,58.62,136.97,0.04947
2019-03-16,4024.3,0.321,61.51,141.93,0.0509
2019-03-17,4003.04,0.3178,61.1,140.03,0.04964
2019-03-18,3992.31,0.3163,59.87,138.9,0.04966
2019-03-19,4017.6,0.3167,59.94,139.05,0.05152
2019-03-20,4056.15,0.3192,61.03,140.41,0.053270000000000005
2019-03-21,3999.55,0.3115,58.9,135.92,0.05313
2019-03-22,4004.08,0.311,59.66,136.91,0.057839999999999996
2019-03-23,4002.65,0.3112,61.0,137.38,0.06311
2019-03-24,3991.24,0.3083,59.84,136.3,0.060379999999999996
2019-03-25,3923.32,0.3024,59.04,133.87,0.0579
2019-03-26,3932.69,0.2997,58.52,134.28,0.061279999999999994
2019-03-27,4032.15,0.3089,61.43,139.3,0.06684
2019-03-28,4033.59,0.3071,60.78,138.16,0.06556000000000001
2019-03-29,4103.18,0.3088,61.7,142.44,0.0717
2019-03-30,4109.42,0.3129,60.73,143.16,0.07073
2019-03-31,4112.79,0.3106,60.67,141.84,0.07102
2019-04-01,4147.91,0.314,60.58,141.98,0.07253
2019-04-02,4804.36,0.349,73.23,160.93,0.08217
2019-04-03,5180.17,0.365,91.4,173.33,0.09787
2019-04-04,4939.49,0.3339,85.21,159.37,0.08778999999999999
2019-04-05,5019.39,0.3637,88.5,164.64,0.09074
2019-04-06,5023.31,0.3537,91.93,165.7,0.08971
2019-04-07,5169.48,0.3609,92.94,174.28,0.0904
2019-04-08,5284.83,0.3618,89.47,182.94,0.08732999999999999
2019-04-09,5227.49,0.3531,87.65,177.57,0.08511
2019-04-10,5298.01,0.3521,88.0,176.1,0.08816
2019-04-11,5032.62,0.3273,77.82,164.01,0.08238999999999999
2019-04-12,5069.53,0.3248,78.8,164.91,0.08349
2019-04-13,5088.84,0.3266,78.07,164.37,0.08321
2019-04-14,5113.97,0.3266,79.52,165.97,0.08317000000000001
2019-04-15,5029.64,0.3174,77.9,160.06,0.0811
2019-04-16,5213.61,0.3236,81.47,166.36,0.08306000000000001
2019-04-17,5243.88,0.3385,79.75,167.77,0.08354
2019-04-18,5301.93,0.3378,83.18,175.5,0.08257
2019-04-19,5279.29,0.3319,82.22,172.78,0.07887999999999999
2019-04-20,5284.69,0.3249,80.46,171.81,0.07541
2019-04-21,5283.02,0.3204,76.64,167.59,0.07372000000000001
2019-04-22,5396.25,0.3243,77.66,172.55,0.07758
2019-04-23,5578.81,0.3242,76.59,173.24,0.0761
2019-04-24,5445.35,0.3011,72.47,164.2,0.07089
2019-04-25,5404.27,0.2981,72.89,161.06,0.07211000000000001
2019-04-26,5213.78,0.2992,72.5,155.74,0.06694
2019-04-27,5267.63,0.2958,71.77,160.04,0.06926
2019-04-28,5257.42,0.2954,68.25,158.09,0.06878
2019-04-29,5212.71,0.2937,67.3,156.1,0.06452000000000001
2019-04-30,5349.44,0.3124,74.57,161.47,0.06749
2019-05-01,5372.51,0.3042,72.96,160.76,0.06777000000000001
2019-05-02,5509.88,0.3038,73.63,161.51,0.06752000000000001
2019-05-03,5792.81,0.3086,79.8,169.46,0.06917999999999999
2019-05-04,5849.07,0.3068,78.34,165.2,0.06754
2019-05-05,5825.53,0.3022,76.9,163.87,0.06634
2019-05-06,5758.68,0.3049,76.68,176.11,0.06698
2019-05-07,5954.68,0.3018,75.86,174.31,0.06475
2019-05-08,5957.23,0.3007,75.11,170.61,0.06411
2019-05-09,6141.17,0.2948,73.89,169.15,0.06112000000000001
2019-05-10,6348.83,0.2979,76.97,172.71,0.06294
2019-05-11,7051.17,0.327,91.84,198.57,0.07707
2019-05-12,7142.78,0.3128,86.33,190.74,0.0714
2019-05-13,8077.11,0.3298,90.4,203.88,0.07385
2019-05-14,7774.89,0.3949,88.9,208.31,0.07856
2019-05-15,8134.39,0.43799999999999994,101.37,241.2,0.09028
2019-05-16,7926.75,0.4221,96.53,267.21,0.09047999999999999
2019-05-17,7264.88,0.3857,88.64,239.63,0.08112
2019-05-18,7340.6,0.3763,87.96,238.94,0.08031
2019-05-19,8077.95,0.4222,95.28,260.09,0.08602
2019-05-20,8047.58,0.4,91.74,253.5,0.08588
2019-05-21,7994.35,0.4,91.66,258.78,0.08576
2019-05-22,7676.98,0.3709,87.77,242.98,0.07806
2019-05-23,7911.74,0.3832,89.04,245.92,0.08002999999999999
2019-05-24,8060.44,0.3901,101.72,251.08,0.08229
2019-05-25,8044.14,0.386,101.82,251.49,0.08021
2019-05-26,8644.8,0.4117,112.2,269.39,0.08638
2019-05-27,8806.4,0.4281,116.0,269.34,0.08965
2019-05-28,8709.45,0.4544,115.02,273.4,0.09149
2019-05-29,8661.44,0.4486,115.94,270.25,0.09142
2019-05-30,8217.67,0.4119,106.53,248.77,0.08227000000000001
2019-05-31,8524.49,0.4353,112.43,263.01,0.08746
2019-06-01,8594.26,0.4345,113.3,268.22,0.09175
2019-06-02,8708.33,0.44299999999999995,114.0,267.8,0.09424
2019-06-03,8480.49,0.4399,111.17,258.66,0.09289
2019-06-04,7505.24,0.3857,98.67,235.46,0.07922
2019-06-05,7742.17,0.4001,103.32,245.18,0.08213
2019-06-06,7743.92,0.4189,108.78,243.11,0.0815
2019-06-07,7957.43,0.4201,116.12,248.97,0.085
2019-06-08,7894.64,0.4106,118.39,243.65,0.08324
2019-06-09,7649.37,0.3811,113.96,230.87,0.07865
2019-06-10,7949.75,0.3958,126.29,244.35,0.0838
2019-06-11,7914.06,0.3949,136.68,246.47,0.08794
2019-06-12,8153.87,0.401,134.01,257.72,0.0941
2019-06-13,8311.87,0.4035,132.86,261.57,0.08996
2019-06-14,8615.91,0.4028,132.38,262.58,0.08926
2019-06-15,8822.41,0.4099,137.31,270.19,0.09142
2019-06-16,9037.88,0.4286,136.62,269.06,0.09216
2019-06-17,9289.34,0.4555,134.7,272.86,0.09276000000000001
2019-06-18,9012.33,0.4219,132.58,261.77,0.08864
2019-06-19,9227.21,0.4361,139.29,268.76,0.09012
2019-06-20,9522.08,0.4303,135.35,272.53,0.08672
2019-06-21,9927.71,0.4407,137.43,293.07,0.08941
2019-06-22,10594.33,0.4731,141.31,304.57,0.09467
2019-06-23,10949.62,0.4749,138.08,310.02,0.0965
2019-06-24,10939.91,0.4639,134.41,309.33,0.09606
2019-06-25,11551.72,0.4661,133.04,312.73,0.09464
2019-06-26,12431.82,0.4583,130.05,325.75,0.09548999999999999
2019-06-27,10747.18,0.408,114.46,292.75,0.08594
2019-06-28,12273.44,0.4143,118.95,307.47,0.08815
2019-06-29,11944.37,0.4194,132.79,310.23,0.0887
2019-06-30,11285.58,0.402,129.19,299.94,0.08496000000000001
2019-07-01,10583.24,0.3995,120.99,292.26,0.08281000000000001
2019-07-02,10689.5,0.3961,117.41,288.41,0.07954
2019-07-03,11409.87,0.3997,118.7,294.77,0.0806
2019-07-04,11583.04,0.3928,122.95,292.22,0.07897
2019-07-05,11078.43,0.3813,119.26,288.72,0.07711
2019-07-06,11194.36,0.3943,118.04,288.18,0.07796
2019-07-07,11538.22,0.3994,120.12,308.11,0.08048
2019-07-08,12339.49,0.3996,121.22,312.14,0.08012999999999999
2019-07-09,12554.47,0.3944,119.43,307.2,0.07778
2019-07-10,11935.36,0.3595,107.28,288.33,0.07139
2019-07-11,11302.49,0.3285,103.19,269.41,0.06506
2019-07-12,11800.49,0.3433,104.95,275.66,0.06937
2019-07-13,11024.69,0.3257,99.21,263.36,0.06507
2019-07-14,10664.41,0.3158,93.1,239.74,0.06287999999999999
2019-07-15,10749.7,0.312,90.41,227.7,0.05909
2019-07-16,9644.97,0.3007,80.91,203.96,0.053329999999999995
2019-07-17,9824.56,0.3139,92.32,214.76,0.05669
2019-07-18,10595.82,0.3214,99.52,224.62,0.05881
2019-07-19,10563.13,0.3194,98.63,221.33,0.059129999999999995
2019-07-20,10957.97,0.3397,104.15,233.47,0.0649
2019-07-21,10568.3,0.3288,99.08,224.82,0.061070000000000006
2019-07-22,10270.43,0.3204,94.61,216.54,0.05919
2019-07-23,10125.24,0.3129,92.92,216.94,0.05755
2019-07-24,9778.32,0.3158,94.51,216.48,0.05864
2019-07-25,9899.11,0.3139,93.2,219.27,0.05877
2019-07-26,9835.18,0.3223,94.2,218.3,0.06216
2019-07-27,9508.68,0.3092,89.02,208.61,0.060289999999999996
2019-07-28,9456.99,0.3071,88.39,206.31,0.05847
2019-07-29,9504.78,0.3095,90.6,210.8,0.06037000000000001
2019-07-30,9586.19,0.3178,90.37,210.03,0.060070000000000005
2019-07-31,10050.3,0.3173,99.67,216.07,0.059579999999999994
2019-08-01,10419.32,0.3173,98.78,217.22,0.05874
2019-08-02,10427.8,0.3112,93.75,216.29,0.057510000000000006
2019-08-03,10835.25,0.3157,93.91,221.65,0.05739
2019-08-04,10966.15,0.3213,92.96,221.6,0.05649
2019-08-05,11736.44,0.3235,98.08,232.53,0.05669
2019-08-06,11373.26,0.3092,92.16,223.96,0.05313
2019-08-07,11938.18,0.3111,91.27,224.99,0.05171
2019-08-08,11720.99,0.3052,90.15,218.12,0.05193
2019-08-09,11918.17,0.2955,85.01,210.32,0.0476
2019-08-10,11303.51,0.2973,85.47,206.08,0.053270000000000005
2019-08-11,11504.72,0.302,89.69,214.51,0.055
2019-08-12,11393.48,0.3008,85.91,211.65,0.05314
2019-08-13,10874.59,0.2941,83.45,206.91,0.05149
2019-08-14,10193.32,0.2672,77.15,188.85,0.04882
2019-08-15,10341.03,0.2644,76.64,187.52,0.0478
2019-08-16,10447.58,0.2626,75.64,186.19,0.04637
2019-08-17,10142.96,0.2625,72.4,183.73,0.04716
2019-08-18,10424.56,0.2873,77.84,196.21,0.05068
2019-08-19,10722.74,0.2801,76.11,199.95,0.05008
2019-08-20,10796.13,0.2741,75.63,197.44,0.049339999999999995
2019-08-21,10054.33,0.2638,73.07,184.25,0.04704
2019-08-22,10141.55,0.271,73.55,192.15,0.04969
2019-08-23,10423.89,0.2775,75.18,193.91,0.04972
2019-08-24,10076.27,0.2713,73.04,188.9,0.05061
2019-08-25,10003.61,0.2669,71.03,184.55,0.049389999999999996
2019-08-26,10269.92,0.2682,73.1,186.53,0.050210000000000005
2019-08-27,10144.06,0.2679,72.37,185.88,0.048889999999999996
2019-08-28,9728.75,0.2547,66.69,173.06,0.04598
2019-08-29,9519.55,0.2564,64.15,169.43,0.04438
2019-08-30,9598.6,0.2543,64.78,168.71,0.04473
2019-08-31,9676.28,0.2596,64.83,173.42,0.04519
2019-09-01,9711.99,0.2568,66.67,171.45,0.04448
2019-09-02,10398.65,0.2632,67.32,179.14,0.045860000000000005
2019-09-03,10698.73,0.2641,69.54,180.75,0.04659
2019-09-04,10666.9,0.2615,67.7,176.92,0.0456
2019-09-05,10559.76,0.2554,65.29,172.96,0.04446
2019-09-06,10426.52,0.2515,65.49,170.03,0.0445
2019-09-07,10531.56,0.2616,69.47,179.92,0.0462
2019-09-08,10423.59,0.2612,70.2,181.6,0.04759
2019-09-09,10289.21,0.2585,69.27,180.38,0.04651
2019-09-10,10106.37,0.2577,70.49,179.82,0.04629
2019-09-11,10174.91,0.2541,69.5,178.3,0.04487
2019-09-12,10418.88,0.255,69.34,181.8,0.04595
2019-09-13,10308.09,0.2548,68.43,181.6,0.045610000000000005
2019-09-14,10398.89,0.2638,70.87,188.82,0.046689999999999995
2019-09-15,10305.35,0.2606,70.25,189.66,0.04637
2019-09-16,10317.11,0.2626,72.92,198.14,0.04741
2019-09-17,10225.39,0.2908,75.69,212.21,0.04964
2019-09-18,10201.58,0.315,78.45,212.1,0.0541
2019-09-19,10276.53,0.2996,76.13,220.59,0.05246
2019-09-20,10119.81,0.2902,74.53,216.05,0.051210000000000006
2019-09-21,9991.75,0.2889,73.07,215.42,0.05176
2019-09-22,10065.91,0.2767,72.54,210.45,0.04885
2019-09-23,9757.05,0.2719,66.89,202.62,0.04746
2019-09-24,8671.45,0.239,57.42,168.12,0.0387
2019-09-25,8600.7,0.2484,57.77,171.16,0.039760000000000004
2019-09-26,8091.29,0.2413,53.92,165.96,0.03734
2019-09-27,8243.04,0.245,56.48,175.68,0.03942
2019-09-28,8157.31,0.2427,55.46,173.69,0.03858
2019-09-29,8060.48,0.2413,53.65,169.85,0.03742
2019-09-30,8268.58,0.2566,55.76,177.84,0.0387
2019-10-01,8326.56,0.2504,55.91,176.65,0.038489999999999996
2019-10-02,8281.99,0.2511,55.88,178.52,0.03942
2019-10-03,8196.2,0.2474,56.61,174.56,0.03846
2019-10-04,8194.08,0.2529,57.13,177.21,0.03991
2019-10-05,8170.43,0.2536,56.92,176.71,0.03954
2019-10-06,7941.72,0.2546,54.99,171.67,0.03884
2019-10-07,8213.83,0.2738,57.4,179.59,0.04098
2019-10-08,8174.53,0.2751,56.87,179.19,0.04099
2019-10-09,8568.1,0.2799,59.02,191.27,0.04257
2019-10-10,8576.18,0.2733,57.71,192.37,0.04185
2019-10-11,8327.47,0.2679,55.64,180.91,0.0403
2019-10-12,8360.29,0.2731,55.98,180.73,0.0408
2019-10-13,8463.4,0.2818,57.67,184.68,0.04172
2019-10-14,8323.84,0.2909,56.65,186.41,0.04129
2019-10-15,8164.06,0.2855,54.49,178.93,0.03941
2019-10-16,7989.45,0.2846,52.65,174.31,0.0386
2019-10-17,8086.75,0.2986,54.45,176.48,0.03914
2019-10-18,7964.82,0.2939,53.19,173.61,0.03809
2019-10-19,7974.74,0.2911,54.08,172.39,0.039560000000000005
2019-10-20,8221.14,0.2953,54.87,175.37,0.0393
2019-10-21,8229.02,0.2932,55.03,174.76,0.03925
2019-10-22,8114.43,0.2956,54.1,172.94,0.039189999999999996
2019-10-23,7447.06,0.2672,49.25,160.0,0.036610000000000004
2019-10-24,7463.66,0.2765,49.73,160.35,0.03766
2019-10-25,8607.31,0.2978,56.9,180.64,0.04158
2019-10-26,9251.98,0.292,56.54,178.23,0.04041
2019-10-27,9573.31,0.2975,60.04,184.95,0.042460000000000005
2019-10-28,9466.28,0.2989,58.9,184.1,0.04328
2019-10-29,9465.96,0.3028,60.28,192.65,0.04345
2019-10-30,9233.63,0.2964,58.19,183.56,0.041839999999999995
2019-10-31,9135.13,0.2949,58.19,181.63,0.04111
2019-11-01,9233.38,0.292,58.24,183.36,0.0422
2019-11-02,9315.29,0.2965,58.39,183.26,0.042480000000000004
2019-11-03,9233.74,0.2912,58.7,182.48,0.04192
2019-11-04,9400.36,0.2995,61.45,185.8,0.042769999999999996
2019-11-05,9345.21,0.3013,63.12,189.08,0.044410000000000005
2019-11-06,9349.77,0.3089,63.63,191.27,0.04488
2019-11-07,9238.33,0.2909,62.0,187.35,0.04333
2019-11-08,8815.92,0.27699999999999997,60.53,184.72,0.042319999999999997
2019-11-09,8829.71,0.27899999999999997,62.04,185.2,0.042289999999999994
2019-11-10,9099.11,0.2805,64.12,190.11,0.04376
2019-11-11,8722.51,0.2749,62.0,185.67,0.04344
2019-11-12,8779.07,0.2715,61.16,186.67,0.04363
2019-11-13,8765.9,0.2716,60.76,187.49,0.04465
2019-11-14,8660.65,0.2679,59.06,184.76,0.042960000000000005
2019-11-15,8514.21,0.262,57.71,180.8,0.044360000000000004
2019-11-16,8495.65,0.2613,58.2,182.45,0.04421
2019-11-17,8555.82,0.2642,59.59,184.66,0.04543
2019-11-18,8218.78,0.2527,56.24,178.75,0.04376
2019-11-19,8142.49,0.2548,55.11,175.96,0.0425
2019-11-20,8098.46,0.2502,54.99,175.14,0.04082
2019-11-21,7631.28,0.2431,50.67,160.96,0.0387
2019-11-22,7282.83,0.2298,47.53,149.92,0.03708
2019-11-23,7327.02,0.2346,48.09,152.57,0.03766
2019-11-24,7057.84,0.2275,45.35,144.61,0.03585
2019-11-25,7224.46,0.2213,46.25,147.35,0.037000000000000005
2019-11-26,7158.25,0.2207,47.3,148.4,0.03658
2019-11-27,7553.51,0.2258,47.81,153.43,0.039169999999999996
2019-11-28,7403.75,0.2236,46.9,150.64,0.03872
2019-11-29,7751.55,0.2297,48.74,153.94,0.0414
2019-11-30,7567.19,0.2261,47.46,152.04,0.04061
2019-12-01,7404.17,0.2239,47.97,151.91,0.03946
2019-12-02,7350.45,0.2212,45.92,149.79,0.0383
2019-12-03,7329.16,0.2209,45.1,148.06,0.03797
2019-12-04,7225.78,0.2156,44.81,145.77,0.038560000000000004
2019-12-05,7413.96,0.2224,44.89,148.12,0.03781
2019-12-06,7537.64,0.2268,45.47,149.03,0.03829
2019-12-07,7547.91,0.2284,45.32,148.23,0.0388
2019-12-08,7573.33,0.2317,45.79,151.79,0.03885
2019-12-09,7349.5,0.2232,44.56,147.57,0.03734
2019-12-10,7252.82,0.2227,44.09,146.18,0.03655
2019-12-11,7213.93,0.2209,43.64,143.2,0.03665
2019-12-12,7203.83,0.2186,43.76,144.88,0.03689
2019-12-13,7250.99,0.2198,44.38,144.81,0.0372
2019-12-14,7104.33,0.217,43.64,142.52,0.03637
2019-12-15,7137.45,0.218,43.68,142.95,0.036539999999999996
2019-12-16,6907.15,0.2057,40.17,132.52,0.0343
2019-12-17,6605.21,0.1816,36.84,121.01,0.03151
2019-12-18,7367.05,0.1983,41.42,133.65,0.03438
2019-12-19,7164.23,0.1884,39.62,127.47,0.03288
2019-12-20,7211.61,0.1959,40.37,128.5,0.03368
2019-12-21,7167.17,0.1918,39.81,127.76,0.033260000000000005
2019-12-22,7416.47,0.1962,41.88,132.15,0.03419
2019-12-23,7301.59,0.1895,40.66,127.48,0.033
2019-12-24,7252.81,0.1912,40.57,128.12,0.034230000000000003
2019-12-25,7227.48,0.1891,40.34,125.52,0.03368
2019-12-26,7209.49,0.1892,40.06,125.5,0.03417
2019-12-27,7249.33,0.1892,40.92,126.66,0.03374
2019-12-28,7326.37,0.1932,43.13,128.37,0.0337
2019-12-29,7410.48,0.1969,43.19,135.12,0.03431
2019-12-30,7272.75,0.1933,42.47,132.29,0.033530000000000004
2019-12-31,7189.43,0.1918,41.31,128.88,0.03281
2020-01-01,7211.21,0.1929,41.51,130.35,0.033530000000000004
2020-01-02,6979.07,0.188,39.58,127.53,0.03315
2020-01-03,7307.53,0.1923,41.79,133.19,0.03391
2020-01-04,7353.26,0.1924,42.63,134.27,0.03449
2020-01-05,7355.25,0.1946,43.29,135.01,0.03435
2020-01-06,7727.39,0.2187,45.74,143.19,0.03692
2020-01-07,8041.89,0.2128,46.19,142.21,0.0368
2020-01-08,8068.51,0.2076,45.49,140.4,0.03655
2020-01-09,7810.08,0.2032,44.57,137.67,0.036000000000000004
2020-01-10,8089.62,0.2093,48.58,142.86,0.03681
2020-01-11,8076.12,0.2137,50.13,143.16,0.03707
2020-01-12,8155.78,0.2139,50.95,145.49,0.0376
2020-01-13,8122.41,0.2115,49.61,144.11,0.03704
2020-01-14,8746.92,0.2354,58.48,164.47,0.04129
2020-01-15,8846.82,0.2365,58.94,166.64,0.04319
2020-01-16,8714.37,0.2287,57.68,164.02,0.04144
2020-01-17,8924.98,0.2408,62.03,171.63,0.04553
2020-01-18,8941.74,0.2466,60.06,176.81,0.04567
2020-01-19,8636.45,0.2336,57.24,165.84,0.04228
2020-01-20,8653.09,0.23399999999999999,57.24,167.8,0.04387
2020-01-21,8714.72,0.2374,57.43,169.14,0.04583
2020-01-22,8647.09,0.2355,57.78,167.3,0.04557
2020-01-23,8402.73,0.226,54.15,162.9,0.04335
2020-01-24,8455.93,0.2219,54.63,162.8,0.04448
2020-01-25,8349.44,0.2201,53.65,161.15,0.04367
2020-01-26,8564.38,0.2277,55.8,166.97,0.044360000000000004
2020-01-27,8896.41,0.2305,58.67,170.33,0.04799
2020-01-28,9142.73,0.2371,59.36,173.99,0.052239999999999995
2020-01-29,9329.68,0.2369,60.13,175.56,0.05461
2020-01-30,9554.64,0.2457,69.06,186.39,0.05652000000000001
2020-01-31,9397.12,0.2391,68.47,181.81,0.05441
2020-02-01,9372.78,0.2414,70.62,183.12,0.056420000000000005
2020-02-02,9392.97,0.2521,70.79,189.4,0.05633
2020-02-03,9273.94,0.2516,69.57,189.29,0.057
2020-02-04,9180.92,0.2642,67.76,188.69,0.056029999999999996
2020-02-05,9622.73,0.2787,72.59,204.59,0.0592
2020-02-06,9677.88,0.2804,72.82,211.25,0.05952999999999999
2020-02-07,9792.8,0.2783,74.01,221.89,0.059989999999999995
2020-02-08,9914.39,0.2781,77.27,224.14,0.06047
2020-02-09,10113.05,0.2837,76.92,227.8,0.06146
2020-02-10,9839.53,0.2727,73.8,223.32,0.05987000000000001
2020-02-11,10229.9,0.2809,76.84,237.83,0.06287000000000001
2020-02-12,10353.92,0.3067,81.67,268.44,0.06899
2020-02-13,10214.64,0.3269,79.75,266.2,0.06845
2020-02-14,10364.16,0.3363,83.62,283.78,0.07105
2020-02-15,9924.81,0.3116,76.99,267.45,0.06467
2020-02-16,9872.16,0.2902,73.55,254.99,0.061
2020-02-17,9636.3,0.28300000000000003,71.99,261.36,0.05894
2020-02-18,10181.53,0.2987,77.18,281.1,0.06318
2020-02-19,9691.02,0.2822,72.39,264.77,0.059379999999999995
2020-02-20,9628.55,0.2739,69.95,259.62,0.058679999999999996
2020-02-21,9677.7,0.273,72.73,264.06,0.05825
2020-02-22,9686.48,0.2751,75.46,262.42,0.05851
2020-02-23,9925.76,0.2826,79.38,273.52,0.061529999999999994
2020-02-24,9650.26,0.2687,75.13,263.94,0.05894
2020-02-25,9388.37,0.2571,72.23,251.94,0.058620000000000005
2020-02-26,8798.22,0.2329,61.12,225.82,0.04958
2020-02-27,8805.91,0.2396,62.22,228.75,0.050069999999999996
2020-02-28,8796.17,0.2391,61.08,229.59,0.049530000000000005
2020-02-29,8655.5,0.2341,59.05,223.45,0.04804
2020-03-01,8565.58,0.2281,57.93,218.95,0.04607
2020-03-02,8941.39,0.2389,61.11,231.15,0.04935
2020-03-03,8792.87,0.2343,61.16,224.39,0.04879
2020-03-04,8765.47,0.2345,60.34,223.59,0.04871
2020-03-05,9082.8,0.2387,61.72,229.12,0.05127999999999999
2020-03-06,9125.93,0.2428,62.81,240.54,0.05097
2020-03-07,8945.86,0.2381,60.94,240.58,0.04938
2020-03-08,8194.35,0.2067,52.19,204.61,0.0435
2020-03-09,7894.55,0.2073,49.88,199.37,0.04096
2020-03-10,7972.45,0.2135,50.58,203.28,0.04169
2020-03-11,7983.29,0.2087,48.72,195.04,0.03942
2020-03-12,5804.22,0.156,33.39,127.06,0.027999999999999997
2020-03-13,5664.34,0.16,37.54,134.29,0.02866
2020-03-14,5292.41,0.1481,35.08,124.97,0.02624
2020-03-15,5362.88,0.1528,36.25,123.72,0.02707
2020-03-16,4945.02,0.1383,32.05,107.89,0.02375
2020-03-17,5464.0,0.1498,34.99,118.36,0.026430000000000002
2020-03-18,5364.51,0.1466,34.3,116.58,0.02572
2020-03-19,6300.94,0.1696,40.31,140.53,0.03159
2020-03-20,6192.29,0.1552,37.88,132.27,0.02895
2020-03-21,6175.12,0.1577,38.48,132.83,0.02965
2020-03-22,5884.5,0.149,35.84,123.4,0.027010000000000003
2020-03-23,6469.2,0.1583,38.92,133.56,0.02918
2020-03-24,6786.43,0.1632,40.71,140.16,0.0303
2020-03-25,6676.03,0.1617,39.23,136.22,0.02937
2020-03-26,6726.52,0.1721,39.6,136.52,0.03007
2020-03-27,6685.97,0.184,40.02,137.23,0.03021
2020-03-28,6229.96,0.1756,38.82,131.1,0.02953
2020-03-29,5914.65,0.1636,37.34,125.3,0.02839
2020-03-30,6545.53,0.1738,39.5,134.3,0.030119999999999997
2020-03-31,6458.95,0.1763,39.32,134.43,0.03055
2020-04-01,6376.67,0.1732,38.53,132.11,0.03015
2020-04-02,6844.73,0.1787,40.16,142.76,0.0323
2020-04-03,6738.37,0.1789,40.57,141.27,0.03238
2020-04-04,6878.93,0.1812,40.66,144.5,0.032330000000000005
2020-04-05,6768.56,0.1787,40.25,142.81,0.031810000000000005
2020-04-06,7299.91,0.1959,44.79,166.18,0.03525
2020-04-07,7185.13,0.1936,44.73,167.38,0.035410000000000004
2020-04-08,7334.54,0.201,46.46,172.04,0.03642
2020-04-09,7317.62,0.1986,46.52,170.77,0.03612
2020-04-10,6906.14,0.1894,42.44,158.82,0.03342
2020-04-11,6874.99,0.1874,42.25,157.32,0.03327
2020-04-12,7131.02,0.19399999999999998,43.39,164.13,0.03467
2020-04-13,6843.65,0.1875,41.03,156.85,0.03321
2020-04-14,6861.58,0.1856,41.13,159.03,0.033
2020-04-15,6743.5,0.1844,40.44,157.2,0.03277
2020-04-16,7081.18,0.1903,42.68,173.06,0.03437
2020-04-17,7052.61,0.1891,42.41,169.98,0.03442
2020-04-18,7230.87,0.1939,43.69,184.38,0.03652
2020-04-19,7205.19,0.192,43.03,183.65,0.03617
2020-04-20,6861.8,0.1811,40.35,170.6,0.03429
2020-04-21,6902.73,0.185,40.83,172.83,0.034960000000000005
2020-04-22,7102.66,0.1872,41.67,181.39,0.03652
2020-04-23,7602.88,0.1965,43.5,190.72,0.042089999999999995
2020-04-24,7515.94,0.1934,44.56,187.6,0.04228
2020-04-25,7532.02,0.1938,44.26,192.97,0.042
2020-04-26,7633.16,0.1966,44.31,196.35,0.04531
2020-04-27,7739.75,0.196,44.07,195.11,0.045439999999999994
2020-04-28,7739.38,0.2138,44.88,196.48,0.047139999999999994
2020-04-29,8868.36,0.2279,48.94,215.5,0.05169
2020-04-30,8766.97,0.2139,46.83,209.18,0.04861
2020-05-01,8847.22,0.2179,47.06,212.43,0.05107
2020-05-02,8938.49,0.2237,49.39,213.96,0.050769999999999996
2020-05-03,8862.19,0.2186,47.64,209.5,0.04929
2020-05-04,8952.17,0.2194,47.27,208.95,0.0496
2020-05-05,8972.98,0.2173,46.62,204.96,0.04987
2020-05-06,9293.71,0.2182,46.61,206.36,0.05062
2020-05-07,9883.19,0.2185,47.37,212.59,0.05063
2020-05-08,10011.07,0.2208,48.34,214.97,0.052820000000000006
2020-05-09,9607.33,0.2169,47.31,210.94,0.051870000000000006
2020-05-10,8726.03,0.198,42.39,189.25,0.04713
2020-05-11,8577.82,0.1912,41.22,185.48,0.04773
2020-05-12,8751.62,0.1939,41.5,187.15,0.049819999999999996
2020-05-13,9363.05,0.204,43.7,200.72,0.05239
2020-05-14,9781.12,0.2037,43.91,203.14,0.05117
2020-05-15,9414.35,0.1986,42.83,196.12,0.05061
2020-05-16,9383.53,0.2002,43.34,201.54,0.05087
2020-05-17,9761.77,0.2027,43.97,208.81,0.051460000000000006
2020-05-18,9683.76,0.2041,45.01,213.25,0.054220000000000004
2020-05-19,9684.7,0.2036,45.3,212.32,0.056870000000000004
2020-05-20,9549.99,0.20199999999999999,44.21,210.23,0.056510000000000005
2020-05-21,9101.77,0.1943,42.71,198.71,0.05276
2020-05-22,9206.07,0.2015,44.58,208.35,0.0565
2020-05-23,9228.94,0.2002,44.17,208.14,0.05557
2020-05-24,9055.57,0.1979,43.25,207.06,0.05417999999999999
2020-05-25,8900.96,0.195,42.86,204.24,0.05392
2020-05-26,8849.2,0.19399999999999998,42.34,201.22,0.053610000000000005
2020-05-27,9066.03,0.1963,43.38,205.43,0.054689999999999996
2020-05-28,9439.21,0.1976,44.18,213.93,0.06337999999999999
2020-05-29,9390.35,0.1963,44.31,218.78,0.06381
2020-05-30,9482.7,0.204,47.01,239.32,0.07694
2020-05-31,9463.44,0.205,46.02,234.56,0.07602
2020-06-01,9651.85,0.2065,47.34,241.29,0.08143
2020-06-02,9523.86,0.2027,45.87,237.82,0.07915
2020-06-03,9583.71,0.2028,46.77,241.23,0.08327000000000001
2020-06-04,9777.66,0.2038,47.29,241.93,0.08807000000000001
2020-06-05,9660.67,0.2032,46.85,240.36,0.08462
2020-06-06,9695.04,0.2039,46.87,242.59,0.08663
2020-06-07,9710.79,0.2028,46.56,242.06,0.0855
2020-06-08,9712.79,0.2026,46.18,242.94,0.08592999999999999
2020-06-09,9822.91,0.2021,45.96,244.8,0.08359
2020-06-10,9854.13,0.2023,46.42,246.84,0.08205
2020-06-11,9345.62,0.1907,43.77,233.19,0.07687000000000001
2020-06-12,9439.64,0.1928,44.67,237.13,0.07975
2020-06-13,9424.64,0.1923,44.84,237.34,0.07837000000000001
2020-06-14,9338.84,0.1898,43.95,232.8,0.07654
2020-06-15,9437.14,0.1931,43.78,231.84,0.07827
2020-06-16,9507.66,0.1915,43.79,234.67,0.07852
2020-06-17,9409.8,0.1923,43.88,232.19,0.0823
2020-06-18,9366.75,0.1898,43.34,229.87,0.08118
2020-06-19,9324.16,0.1876,42.98,229.56,0.08057
2020-06-20,9339.38,0.1879,43.37,228.04,0.07867
2020-06-21,9328.56,0.1872,43.13,229.42,0.0795
2020-06-22,9690.25,0.1901,44.47,243.12,0.08296
2020-06-23,9649.24,0.1896,44.25,244.16,0.0831
2020-06-24,9265.66,0.1832,42.58,234.6,0.08223
2020-06-25,9301.57,0.1824,42.49,234.09,0.08199999999999999
2020-06-26,9174.83,0.1832,43.2,230.3,0.08091
2020-06-27,9059.03,0.1771,41.3,221.92,0.07817
2020-06-28,9124.24,0.1774,41.44,225.14,0.08067
2020-06-29,9212.15,0.1781,41.85,228.39,0.084
2020-06-30,9163.73,0.17600000000000002,41.22,226.31,0.08399
2020-07-01,9243.83,0.1773,41.93,231.25,0.09372
2020-07-02,9152.23,0.1759,41.27,228.17,0.09471
2020-07-03,9100.2,0.1776,41.37,226.9,0.0985
2020-07-04,9125.2,0.1778,41.91,228.82,0.09831000000000001
2020-07-05,9040.05,0.17600000000000002,41.33,226.37,0.09714
2020-07-06,9284.22,0.1867,43.71,239.04,0.1034
2020-07-07,9248.45,0.1839,43.13,238.21,0.1142
2020-07-08,9434.18,0.2056,45.51,247.6,0.1299
2020-07-09,9253.41,0.2023,44.26,241.83,0.1242
2020-07-10,9216.37,0.1977,43.95,239.08,0.1175
2020-07-11,9224.6,0.201,44.5,238.99,0.126
2020-07-12,9268.97,0.2,44.3,239.01,0.12300000000000001
2020-07-13,9249.25,0.1989,43.92,239.95,0.1287
2020-07-14,9244.36,0.1989,43.64,240.26,0.1312
2020-07-15,9226.55,0.1982,43.34,238.69,0.1303
2020-07-16,9126.44,0.1928,41.87,232.82,0.1249
2020-07-17,9154.51,0.1938,41.89,232.65,0.1232
2020-07-18,9181.37,0.2013,42.65,236.24,0.1242
2020-07-19,9175.75,0.2,42.53,235.72,0.1237
2020-07-20,9174.18,0.1951,41.95,236.11,0.1191
2020-07-21,9383.57,0.1989,43.58,244.9,0.12300000000000001
2020-07-22,9381.49,0.2011,43.75,247.41,0.122
2020-07-23,9618.66,0.2073,45.07,275.03,0.1247
2020-07-24,9611.2,0.2069,44.64,285.57,0.122
2020-07-25,9701.95,0.2152,49.17,303.7,0.1376
2020-07-26,9888.63,0.2159,48.07,310.89,0.1486
2020-07-27,11125.84,0.2257,53.73,322.65,0.1373
2020-07-28,11025.21,0.2334,56.19,318.59,0.1484
2020-07-29,11297.07,0.2494,56.21,323.7,0.1417
2020-07-30,11097.26,0.2491,57.28,335.91,0.1411
2020-07-31,11397.67,0.2567,58.53,347.73,0.1397
2020-08-01,11772.18,0.2863,61.18,384.94,0.1463
2020-08-02,11136.86,0.2919,57.43,377.63,0.1347
2020-08-03,11222.75,0.3076,58.17,384.09,0.138
2020-08-04,11241.09,0.3031,57.9,391.99,0.1441
2020-08-05,11779.11,0.307,59.79,405.66,0.1436
2020-08-06,11747.23,0.3036,59.22,395.58,0.1435
2020-08-07,11602.49,0.2953,57.47,379.46,0.1399
2020-08-08,11765.41,0.2949,57.89,391.17,0.1456
2020-08-09,11648.47,0.2902,56.97,389.39,0.14400000000000002
2020-08-10,11839.01,0.2931,58.04,393.93,0.14400000000000002
2020-08-11,11302.45,0.2796,53.61,373.78,0.1349
2020-08-12,11509.61,0.2801,54.3,382.7,0.1359
2020-08-13,11697.92,0.2896,56.45,418.93,0.1387
2020-08-14,11773.93,0.3024,56.77,438.04,0.1387
2020-08-15,11914.37,0.3,59.99,433.05,0.1382
2020-08-16,11862.5,0.3003,61.82,431.4,0.1381
2020-08-17,12334.97,0.3237,68.37,439.06,0.1421
2020-08-18,12075.01,0.3068,66.92,427.51,0.1382
2020-08-19,11715.81,0.2874,61.31,405.6,0.1305
2020-08-20,11832.75,0.2912,62.56,416.27,0.1323
2020-08-21,11527.98,0.2793,59.5,388.42,0.1234
2020-08-22,11673.58,0.2848,60.48,393.58,0.1258
2020-08-23,11671.43,0.2861,60.92,393.38,0.1226
2020-08-24,11759.31,0.289,62.03,406.54,0.1251
2020-08-25,11312.77,0.2759,57.97,379.17,0.1112
2020-08-26,11476.86,0.2785,58.46,388.25,0.11599999999999999
2020-08-27,11289.13,0.2636,55.68,382.09,0.1059
2020-08-28,11500.96,0.2711,56.9,394.58,0.1091
2020-08-29,11513.18,0.2757,57.37,404.86,0.1159
2020-08-30,11607.49,0.281,61.55,421.98,0.11699999999999999
2020-08-31,11638.05,0.2789,60.71,431.05,0.1225
2020-09-01,12027.41,0.29600000000000004,63.72,483.66,0.1272
2020-09-02,11387.62,0.2771,58.24,438.2,0.1161
2020-09-03,10734.17,0.2629,53.11,401.76,0.1042
2020-09-04,10561.84,0.2568,51.18,389.03,0.1029
2020-09-05,10094.72,0.2362,46.99,331.24,0.08905
2020-09-06,10329.05,0.2425,48.48,357.63,0.09423
2020-09-07,10160.76,0.2389,47.78,345.12,0.09161
2020-09-08,10029.85,0.2368,47.4,338.34,0.09087999999999999
2020-09-09,10245.04,0.2403,47.99,353.96,0.09389
2020-09-10,10351.49,0.243,48.67,367.23,0.09807
2020-09-11,10349.1,0.2435,49.09,369.9,0.09641
2020-09-12,10455.56,0.2475,50.89,383.97,0.09783
2020-09-13,10303.68,0.2414,47.97,363.46,0.09475
2020-09-14,10717.92,0.2472,49.06,378.5,0.09656
2020-09-15,10857.6,0.2452,48.94,367.92,0.09435
2020-09-16,11018.82,0.2464,48.15,366.96,0.09193
2020-09-17,10962.52,0.2528,49.19,392.68,0.09431
2020-09-18,10942.16,0.2501,48.17,382.16,0.09086
2020-09-19,11054.46,0.251,48.38,385.38,0.09153
2020-09-20,10876.56,0.2457,46.94,369.99,0.08947999999999999
2020-09-21,10508.75,0.2337,43.77,348.39,0.08115
2020-09-22,10550.98,0.2343,44.77,346.52,0.08221
2020-09-23,10260.0,0.2246,43.34,322.9,0.07744
2020-09-24,10651.58,0.2324,44.73,346.05,0.08305
2020-09-25,10752.93,0.2441,46.33,357.35,0.09751
2020-09-26,10730.61,0.2416,46.04,353.19,0.09473
2020-09-27,10726.61,0.2418,45.86,353.29,0.1011
2020-09-28,10890.12,0.2463,46.31,363.63,0.1033
2020-09-29,10770.6,0.2414,45.41,357.67,0.1
2020-09-30,10708.3,0.2394,45.84,357.22,0.1
2020-10-01,10592.89,0.2373,45.94,351.32,0.09722
2020-10-02,10477.16,0.2315,44.54,342.13,0.09179
2020-10-03,10578.87,0.2339,45.96,349.21,0.09351
2020-10-04,10653.73,0.2472,46.68,351.86,0.09706000000000001
2020-10-05,10743.74,0.2514,46.06,352.62,0.09637000000000001
2020-10-06,10575.41,0.2441,45.76,339.19,0.09233
2020-10-07,10663.35,0.2478,46.59,340.01,0.09345
2020-10-08,10884.82,0.2516,47.19,350.21,0.0958
2020-10-09,11059.22,0.253,47.9,364.37,0.1021
2020-10-10,11378.03,0.2575,49.47,375.37,0.1079
2020-10-11,11328.49,0.2549,50.55,373.01,0.1065
2020-10-12,11692.18,0.258,51.47,392.71,0.1125
2020-10-13,11454.94,0.2567,50.05,382.87,0.1101
2020-10-14,11383.87,0.2489,49.54,375.81,0.1066
2020-10-15,11505.6,0.2457,49.4,378.54,0.1064
2020-10-16,11344.58,0.2403,47.69,366.54,0.10400000000000001
2020-10-17,11349.13,0.2404,46.67,367.62,0.1056
2020-10-18,11463.3,0.2424,47.44,376.18,0.1067
2020-10-19,11756.21,0.2474,48.22,379.55,0.11
2020-10-20,11930.17,0.2439,46.93,370.14,0.1027
2020-10-21,12938.78,0.2538,53.69,396.21,0.1078
2020-10-22,13156.22,0.263,54.97,419.13,0.1116
2020-10-23,12919.74,0.2545,55.63,408.75,0.1075
2020-10-24,13080.56,0.2557,58.66,410.35,0.10800000000000001
2020-10-25,13020.76,0.2527,58.51,406.32,0.1064
2020-10-26,13056.19,0.2484,56.84,392.2,0.1029
2020-10-27,13736.87,0.2513,57.76,405.11,0.1033
2020-10-28,13266.97,0.2465,55.5,387.95,0.09921
2020-10-29,13412.45,0.2416,54.65,383.76,0.09518
2020-10-30,13571.37,0.2395,54.01,383.5,0.09408
2020-10-31,13875.37,0.24100000000000002,56.09,388.64,0.09343
2020-11-01,13698.19,0.2401,55.53,395.47,0.09744
2020-11-02,13581.91,0.235,53.85,383.12,0.09255
2020-11-03,13832.39,0.2387,53.72,388.09,0.09323
2020-11-04,14122.59,0.2387,54.73,401.74,0.09595
2020-11-05,15558.93,0.24600000000000002,59.32,418.26,0.098
2020-11-06,15612.12,0.2595,61.8,456.11,0.1085
2020-11-07,14831.86,0.2497,59.47,437.39,0.1028
2020-11-08,15520.06,0.2544,60.95,455.05,0.1064
2020-11-09,15253.8,0.2505,58.65,442.93,0.1056
2020-11-10,15381.51,0.2566,58.29,454.08,0.1067
2020-11-11,15810.4,0.2569,59.49,466.58,0.1066
2020-11-12,16226.29,0.2554,59.3,462.43,0.1045
2020-11-13,16319.21,0.2646,65.86,476.59,0.107
2020-11-14,16035.72,0.2692,63.35,462.12,0.1038
2020-11-15,15942.33,0.2686,62.23,446.6,0.1005
2020-11-16,16728.02,0.2866,71.74,461.5,0.10400000000000001
2020-11-17,17604.11,0.3029,76.49,480.72,0.1095
2020-11-18,17835.16,0.2932,74.08,480.23,0.1066
2020-11-19,17886.25,0.3017,81.84,472.5,0.1052
2020-11-20,18626.02,0.3229,82.29,508.35,0.1145
2020-11-21,18631.79,0.4486,85.62,542.24,0.1294
2020-11-22,18627.71,0.4662,85.78,573.53,0.1474
2020-11-23,18421.21,0.6032,88.54,609.29,0.1539
2020-11-24,19126.95,0.6946,88.42,603.03,0.1649
2020-11-25,18777.45,0.6354,82.82,569.49,0.1561
2020-11-26,17199.82,0.5355,71.04,521.4,0.1381
2020-11-27,16991.34,0.5514,68.49,514.53,0.1369
2020-11-28,17784.84,0.6246,73.18,542.82,0.1646
2020-11-29,18161.34,0.6052,79.53,570.73,0.1649
2020-11-30,19490.32,0.6565,87.72,609.8,0.1693
2020-12-01,18952.18,0.6197,86.6,591.03,0.1568
2020-12-02,19134.12,0.6224,88.85,597.59,0.1571
2020-12-03,19482.7,0.6278,88.8,616.67,0.1643
2020-12-04,18670.06,0.5471,78.66,568.96,0.1467
2020-12-05,19021.04,0.5768,81.93,591.23,0.1584
2020-12-06,19145.13,0.6149,82.45,593.55,0.158
2020-12-07,19126.24,0.606,83.34,591.0,0.1539
2020-12-08,18471.96,0.5612,76.18,555.78,0.1407
2020-12-09,18560.06,0.5838,77.84,577.01,0.14800000000000002
2020-12-10,18334.59,0.578,75.33,563.25,0.1423
2020-12-11,18131.57,0.5843,72.96,550.67,0.1418
2020-12-12,18886.51,0.5174,76.9,571.6,0.1457
2020-12-13,19111.32,0.5076,81.84,588.62,0.1539
2020-12-14,19285.96,0.5027,82.07,588.21,0.1576
2020-12-15,19472.69,0.4709,81.71,588.63,0.1551
2020-12-16,21397.23,0.5397,92.15,634.98,0.16699999999999998
2020-12-17,22963.81,0.5898,103.25,645.57,0.1647
2020-12-18,23029.28,0.5837,108.31,651.79,0.165
2020-12-19,23919.63,0.5891,121.79,663.87,0.1672
2020-12-20,23484.48,0.5666,114.33,635.82,0.1613
2020-12-21,23184.78,0.527,107.36,617.46,0.1542
2020-12-22,23723.85,0.4383,112.09,629.65,0.1555
2020-12-23,23270.64,0.2562,103.73,583.82,0.138
2020-12-24,23676.98,0.3292,110.21,612.44,0.1543
2020-12-25,24565.54,0.3116,123.75,621.86,0.1571
2020-12-26,26376.78,0.2924,128.52,633.46,0.1571
2020-12-27,26473.92,0.2865,127.97,686.38,0.1553
2020-12-28,26826.48,0.2494,129.23,725.51,0.17300000000000001
2020-12-29,27011.57,0.2164,126.22,728.62,0.1869
2020-12-30,28731.52,0.2144,127.72,745.76,0.183
2020-12-31,29110.37,0.2237,124.77,740.92,0.1797
2021-01-01,29340.43,0.2386,126.16,730.81,0.1757
2021-01-02,32198.69,0.2211,136.62,772.68,0.17800000000000002
2021-01-03,33148.12,0.2253,157.21,993.13,0.2017
2021-01-04,31387.02,0.2356,152.64,1014.43,0.2185
2021-01-05,34310.41,0.2271,161.37,1112.74,0.2628
2021-01-06,36058.42,0.2511,165.9,1179.78,0.332
2021-01-07,39675.41,0.3332,171.86,1244.42,0.3023
2021-01-08,40717.17,0.3136,173.17,1217.07,0.2988
2021-01-09,40413.68,0.3295,175.89,1291.12,0.3313
2021-01-10,38455.04,0.3141,170.47,1272.87,0.3036
2021-01-11,34470.16,0.2852,134.97,1059.98,0.2692
2021-01-12,33648.77,0.2896,132.64,1049.95,0.2816
2021-01-13,37164.99,0.3057,145.18,1116.87,0.3077
2021-01-14,38872.58,0.2945,149.95,1197.78,0.3072
2021-01-15,36632.16,0.2764,142.59,1165.48,0.3047
2021-01-16,36139.13,0.2799,144.7,1232.47,0.3459
2021-01-17,36214.23,0.2784,143.77,1246.39,0.3857
2021-01-18,36464.9,0.2833,149.14,1240.82,0.3679
2021-01-19,36686.14,0.3001,158.73,1411.21,0.3791
2021-01-20,35008.44,0.2923,148.38,1335.87,0.3697
2021-01-21,30856.84,0.2681,131.13,1134.76,0.3127
2021-01-22,32875.82,0.2702,136.91,1225.99,0.3442
2021-01-23,32085.94,0.2713,137.3,1237.08,0.3454
2021-01-24,32180.86,0.2722,139.51,1369.55,0.3507
2021-01-25,32487.45,0.2694,137.6,1328.37,0.3449
2021-01-26,32736.06,0.2687,135.07,1361.49,0.3462
2021-01-27,30600.35,0.2533,125.02,1254.36,0.316
2021-01-28,33536.97,0.2657,134.26,1350.21,0.3466
2021-01-29,34488.23,0.2851,135.84,1395.54,0.3506
2021-01-30,34601.79,0.4197,133.69,1388.99,0.3659
2021-01-31,33006.07,0.4926,128.56,1312.07,0.3464
2021-02-01,33561.36,0.3881,132.72,1359.95,0.3928
2021-02-02,35629.27,0.3693,145.04,1535.64,0.4364
2021-02-03,37315.17,0.3975,154.78,1638.34,0.44299999999999995
2021-02-04,37293.47,0.4456,146.73,1627.67,0.43799999999999994
2021-02-05,37839.97,0.4429,152.8,1704.2,0.5473
2021-02-06,40060.73,0.4503,157.27,1704.24,0.6343
2021-02-07,38828.27,0.4193,150.75,1599.61,0.6334
2021-02-08,44667.93,0.44799999999999995,165.7,1716.53,0.6855
2021-02-09,46880.5,0.4705,175.67,1766.48,0.7077
2021-02-10,45229.53,0.5137,181.93,1748.84,0.8964
2021-02-11,47709.69,0.5248,186.23,1782.95,0.9468
2021-02-12,47951.53,0.5968,197.07,1852.62,0.9287
2021-02-13,47141.16,0.6295,223.47,1816.38,0.9008
2021-02-14,49113.17,0.6063,218.86,1826.79,0.8655
2021-02-15,48259.33,0.5629,213.32,1795.07,0.8633
2021-02-16,49134.75,0.5144,209.44,1768.91,0.8733
2021-02-17,52142.73,0.5408,232.92,1839.88,0.887
2021-02-18,51876.35,0.5358,227.21,1938.66,0.9121
2021-02-19,55466.76,0.5608,239.15,1953.05,0.9369
2021-02-20,55509.93,0.5005,225.93,1898.86,1.139
2021-02-21,57354.87,0.5403,226.54,1927.61,1.092
2021-02-22,54157.86,0.5707,205.98,1777.8,1.089
2021-02-23,48697.14,0.4674,175.71,1571.38,0.9422
2021-02-24,48885.21,0.4658,177.4,1591.39,1.033
2021-02-25,48125.8,0.4502,186.45,1515.44,1.105
2021-02-26,45526.6,0.4231,167.02,1425.46,1.1909999999999998
2021-02-27,45874.17,0.4357,170.15,1465.61,1.2830000000000001
2021-02-28,45272.13,0.4163,164.93,1423.46,1.295
2021-03-01,49169.25,0.4444,175.03,1550.02,1.3019999999999998
2021-03-02,47845.16,0.4331,175.27,1482.14,1.213
2021-03-03,50601.83,0.4489,187.51,1583.07,1.224
2021-03-04,48251.0,0.4675,179.69,1528.99,1.1079999999999999
2021-03-05,49094.77,0.4604,182.06,1538.87,1.18
2021-03-06,48959.95,0.46299999999999997,183.25,1666.17,1.135
2021-03-07,50515.62,0.4624,187.76,1679.45,1.129
2021-03-08,51602.47,0.4727,188.83,1788.68,1.109
2021-03-09,54807.49,0.4837,204.01,1846.24,1.206
2021-03-10,56941.26,0.466,204.95,1831.86,1.155
2021-03-11,57954.85,0.4526,201.35,1828.51,1.115
2021-03-12,57253.43,0.4378,218.96,1761.98,1.044
2021-03-13,61086.16,0.4586,224.89,1919.12,1.097
2021-03-14,60209.01,0.4458,218.73,1882.17,1.0759999999999998
2021-03-15,56148.67,0.4377,200.29,1788.7,1.035
2021-03-16,56308.07,0.4602,200.57,1788.62,1.219
2021-03-17,58356.59,0.4708,204.9,1813.99,1.3940000000000001
2021-03-18,57695.57,0.4701,200.3,1781.21,1.236
2021-03-19,58531.77,0.4702,201.19,1820.59,1.329
2021-03-20,58538.37,0.5358,202.09,1829.58,1.227
2021-03-21,57637.37,0.5214,196.49,1787.01,1.194
2021-03-22,54574.88,0.5561,187.37,1692.9,1.117
2021-03-23,54395.13,0.5485,184.6,1665.17,1.121
